"PC","pve"
1,56.937908858549
2,9.35133133086645
3,3.88327019870761
4,2.51549799293599
5,2.13817521837542
6,2.07944635335796
7,1.96580530997974
8,1.88660745820343
9,1.84040309855942
10,1.73274366914317
11,1.7076176832032
12,1.64398806422656
13,1.61103626699051
14,1.5838640238346
15,1.56550864758563
16,1.53318868839274
17,1.52327171768476
18,1.50849889521354
19,1.4973118338198
20,1.49452469037049
